id,nombre,direccion,telefono
1,Juan Pérez,Calle Falsa 123,1234567
2,María Gómez,Avenida Siempre Viva 456,2345678
3,Pedro Rodríguez,Plaza Mayor 789,3456789
4,Ana Martínez,Calle del Sol 101,4567890
5,Luis Fernández,Calle Luna 202,5678901
6,Carmen Sánchez,Calle Estrella 303,6789012
7,José Díaz,Calle Niebla 404,7890123
8,Laura Morales,Calle Mar 505,8901234
9,Miguel Ruiz,Calle Rayo 606,9012345
10,Elena Martínez,Calle Árbol 707,0123456
11,Andrés Gómez,Calle Río 808,1234567
12,Claudia Fernández,Calle Cielo 909,2345678
13,Raúl Pérez,Calle Agua 1010,3456789
14,Isabel López,Calle Tierra 1111,4567890
15,Victor Soto,Calle Viento 1212,5678901